code	in_dalarna_excel	in_blomma_json	in_vault
AAR29B	1	1	1
AB1005	1	1	1
AB1006	1	1	1
AB1009	1	1	1
AB1011	1	1	1
AB1014	1	1	1
AB1015	1	1	1
AB1016	1	1	1
AB1019	1	1	1
AB1022	1	1	1
AB1024	1	1	1
AB1025	1	1	1
AB1026	1	1	1
AB1027	1	1	1
AB1028	1	1	1
AB1029	1	1	1
AB1030	1	1	1
AB1031	1	1	1
AB1032	1	1	1
AB1033	1	1	1
AB3001	1	1	1
ABP253	1	1	1
ABP254	1	1	1
ABQ2AM	1	1	1
ABQ2AZ	1	1	1
ABQ2B2	1	1	1
ABQ2B3	1	1	1
ABQ2B4	1	1	1
ABY22V	1	1	1
ABY22W	1	1	1
ABY27W	1	1	1
ABY2BL	1	1	1
ADT22Y	0	1	0
AEG225	1	1	1
AEG22R	1	1	1
AEG233	1	1	1
AEG26X	1	1	1
AEG294	1	1	1
AEG29N	1	1	1
AEG2AK	1	1	1
AEG2AL	1	1	1
AEG2AP	1	1	1
AEG2AQ	1	1	1
AEG2AR	1	1	1
AEG2AS	1	1	1
AEG2AT	1	1	1
AEG2AU	1	1	1
AEG2AV	1	1	1
AEG2AW	1	1	1
AEG2AX	1	1	1
AEG2AY	1	1	1
AEG2B5	1	1	1
AEG2B6	1	1	1
AEG2C4	1	1	1
AEG2C5	1	1	1
AEN252	1	1	1
AEN25H	1	1	1
AEN25J	1	1	1
AEN25S	1	1	1
AEN26E	1	1	1
AEN299	1	1	1
AEN29A	1	1	1
AEN29C	1	1	1
AEN2BP	1	1	1
AEN2BQ	1	1	1
AEN2BR	1	1	1
AEN2BS	1	1	1
AEN2BT	1	1	1
AEN2BU	1	1	1
AEN2BV	1	1	1
AEN2BW	1	1	1
AEN2BX	1	1	1
AEN2BY	1	1	1
AEN2BZ	1	1	1
AEN2C2	1	1	1
AFI273	1	1	1
AFR236	1	1	1
AFR24A	1	1	1
AFR24B	1	1	1
AFR24Z	1	1	1
AFR26Q	1	1	1
AFR26R	1	1	1
AFR27P	1	1	1
AFR298	1	1	1
AFR29D	1	1	1
AFR2A8	1	1	1
AFT2C8	1	1	1
AFT2C9	1	1	1
AFT2CA	1	1	1
AFT2CB	1	1	1
AFÖ26H	1	1	0
AHI23V	1	1	1
AHI23W	1	1	1
AHI263	1	1	1
AHI26P	1	1	1
AHI272	1	1	1
AHI29P	1	1	1
AHI29Q	1	1	1
AHI29R	1	1	1
AIH237	1	1	1
AIH24T	1	1	1
AIK232	1	1	1
AJP23N	1	1	1
AJP23P	1	1	1
AJP23Q	1	1	1
AJP23R	1	1	1
AJP25X	1	1	1
AJP264	1	1	1
AJP26Z	1	1	1
AJP278	1	1	1
AJP279	1	1	1
AJP27A	1	1	1
AJP27B	1	1	1
AJP287	1	1	1
AJP2A9	1	1	1
AJP2AG	1	1	1
AJP2AH	1	1	1
AKG27R	1	1	1
AKI25K	1	1	1
AKI28Y	1	1	1
AKI28Z	1	1	1
AKI292	1	1	1
AKI2BN	1	1	1
AMC22C	1	1	1
AMC243	1	1	1
AMC24R	1	1	1
AMC25W	1	1	1
AMC265	1	1	1
AMC288	1	1	1
AMC28N	1	1	0
AMC29F	1	1	0
AMC29Y	1	1	1
AMC2A7	1	1	1
AMC2AE	1	1	0
AMC2BG	1	1	1
AMD238	1	1	1
AMD239	1	1	1
AMI22T	1	1	1
AMI22Z	1	1	1
AMI23A	1	1	1
AMI23C	1	1	1
AMI23G	1	1	1
AMI23J	1	1	1
AMI23K	1	1	1
AMI23L	1	1	1
AMI27V	1	1	1
AMI295	1	1	1
ANA235	1	1	1
APE26A	0	1	0
APG22X	1	1	1
APG244	1	1	1
APG245	1	1	1
APG246	1	1	1
APG247	1	1	1
APG24D	1	1	1
APG24E	1	1	1
APG24S	1	1	1
APG25N	1	1	1
APG26D	1	1	1
APG275	1	1	1
APG276	1	1	1
APG27T	1	1	1
APG27U	1	1	1
APG27Z	1	1	1
APG282	1	1	1
APG28B	1	1	1
APG28M	1	1	1
APG28R	1	1	1
APG28S	1	1	1
APG29G	1	1	1
APG2AA	1	1	1
APG2AB	1	1	1
APG2AC	1	1	1
APG2AJ	1	1	1
APG2BC	1	1	1
APG2BF	1	1	1
APG2BK	1	1	1
APG2C3	1	1	1
APG2C6	1	1	1
APG2C7	1	1	1
APG2CC	1	1	1
APG2CD	1	1	1
APG2CL	1	1	1
APG2CM	1	1	1
AR1003	1	1	1
AR1004	1	1	1
AR1007	1	1	1
AR1009	1	1	1
AR1012	1	1	1
AR1018	1	1	1
AR1025	1	1	1
AR2001	1	1	1
AR2006	1	1	1
AR2007	1	1	1
AR2009	1	1	1
AR2010	1	1	1
AR2011	1	1	1
AR2012	1	1	1
ARK227	1	1	1
ARK25B	1	1	1
ARK25C	1	1	1
ARK262	1	1	1
ARK26T	1	1	1
ARK27Q	1	1	1
ARK29H	1	1	1
ARK29J	1	1	1
ARK29K	1	1	1
ARK29L	1	1	1
ARK29M	1	1	1
ARY23F	1	1	1
ARY25M	1	1	1
AS2001	1	1	1
AS2002	1	1	1
AS2003	1	1	1
AS2004	1	1	1
AS2005	1	1	1
AS2006	1	1	1
AS3001	1	1	1
AS3002	1	1	1
AS3003	1	1	1
AS3004	1	1	1
AS3005	1	1	1
AS3006	1	1	1
AS3007	1	1	1
AS3008	1	1	1
AS3009	1	1	1
AS3010	1	1	1
AS3011	1	1	1
AS3012	1	1	1
AS3013	1	1	1
AS3014	1	1	1
AS3015	1	1	1
AS3016	1	1	1
AS3017	1	1	1
AS3018	1	1	1
AS3019	1	1	1
AS3020	1	1	1
AS3021	1	1	1
AS3022	1	1	1
AS3023	1	1	1
AS3024	1	1	1
AS4001	1	1	1
AS4002	1	1	1
AS4003	1	1	1
AS4004	1	1	1
AS4005	1	1	1
ASA24J	1	1	1
ASA24K	1	1	1
ASA24L	1	1	1
ASA24M	1	1	1
ASA24N	1	1	1
ASA266	1	1	1
ASA26U	1	1	1
ASA27E	1	1	1
ASA28A	1	1	1
ASA28Q	1	1	1
ASA293	1	1	1
ASA2BA	1	1	1
ASK22G	1	1	1
ASK22H	1	1	1
ASK22J	1	1	1
ASK22K	1	1	1
ASK22L	1	1	1
ASK22M	1	1	1
ASK289	1	1	1
ASK297	1	1	1
ASP25D	1	1	1
ASP25E	1	1	1
ASR22N	1	1	1
ASR24V	1	1	1
ASR24W	1	1	1
ASR24X	1	1	1
ASR25P	1	1	1
ASR25Q	1	1	1
ASR25T	1	1	1
ASR25U	1	1	1
ASR25V	1	1	1
ASR26N	1	1	1
ASR26S	1	1	1
ASR284	1	1	1
ASR285	1	1	1
ASR286	1	1	1
ASR296	1	1	1
ASR29S	1	1	1
ASR29T	1	1	1
ASR29U	1	1	1
ASR29V	1	1	1
ASR29W	1	1	1
ASR2AD	1	1	1
ASR2B9	1	1	1
ASR2BM	1	1	1
ASR2CE	1	1	1
ASR2CF	1	1	1
ASR2CG	1	1	1
ASR2CH	1	1	1
ASR2CJ	1	1	1
ASR2CK	1	1	1
ASS257	1	1	1
ASS258	1	1	1
ASS26C	1	1	1
ASS28X	1	1	1
ASV29Z	1	1	1
ASV2A2	1	1	1
ASV2CP	0	0	1
ASV2CQ	0	0	1
ATR25Z	1	1	1
ATR26B	1	1	1
ATR2AF	1	1	1
ATR2BB	1	1	1
ATR2BJ	1	1	1
ATY255	1	1	1
ATY256	1	1	1
ATY29E	1	1	1
ATY2B7	1	1	1
ATY2B8	1	1	1
AU3005	1	1	1
AVV26K	1	1	1
AVV26M	1	1	1
AVV2A6	1	1	1
AVÅ22D	1	1	0
AVÅ22Q	1	1	0
AVÅ24F	1	1	0
AVÅ25L	1	1	0
AVÅ27J	1	1	0
AVÅ27K	1	1	0
AVÅ27L	1	1	0
AVÅ27S	1	1	0
AVÅ28C	1	1	0
AVÅ28G	1	1	0
AVÅ28H	1	1	0
AVÅ28J	1	1	0
AVÅ28K	1	1	0
AVÅ28L	1	1	0
AVÅ28P	1	1	0
AVÅ28T	1	1	0
AVÅ28U	1	1	0
AVÅ28V	1	1	0
AVÅ29X	1	1	0
AVÅ2A3	1	1	0
AVÅ2A4	1	1	0
AVÅ2A5	1	1	0
AVÅ2BH	1	1	0
BEG222	1	1	1
BFY224	1	1	1
BFY225	1	1	1
BFY226	1	1	1
BFY227	1	1	1
BKE223	1	1	1
BQ1079	1	1	1
BQ1081	1	1	1
BQ1094	1	1	1
BQ2018	1	1	1
BQ2057	1	1	1
BQ2058	1	1	1
BY1047	1	1	1
BY1053	1	1	1
BY1054	1	1	1
BY1056	1	1	1
BY1058	1	1	1
BY1059	1	1	1
BY1061	1	1	1
BY1065	1	1	1
BY2016	1	1	1
BY2022	1	1	1
BY2025	1	1	1
BY3001	1	1	1
BY3004	1	1	1
BY3005	1	1	1
DT2019	0	1	0
EG1012	1	1	1
EG2004	1	1	1
EG3003	0	1	0
EG3007	1	1	1
EG3009	1	1	1
EG3012	1	1	1
EG3014	1	1	1
EG3015	1	1	1
EG3017	1	1	1
EG3018	1	1	1
EG3019	1	1	1
EG3020	1	1	1
EG3022	1	1	1
EG4001	1	1	1
EN1086	1	1	1
EN1129	1	1	1
EN2025	1	1	1
EN2028	1	1	1
EN2033	1	1	1
EN2034	1	1	1
EN2035	1	1	1
EN2037	1	1	1
EN2043	1	1	1
EN2046	1	1	1
EN2047	1	1	1
EN3029	1	1	1
EN3062	1	1	1
EN3063	1	1	1
EN3064	1	1	1
EN3070	1	1	1
EN3071	1	1	1
EN3072	1	1	1
EN3073	1	1	1
EN3074	1	1	1
EN3075	1	1	1
EN3076	1	1	1
EN3077	1	1	1
ET1029	1	1	1
EU1027	1	1	1
EU1033	1	1	1
EU1034	1	1	1
EU1035	1	1	1
EU1036	1	1	1
EU1037	1	1	1
FDA222R	1	1	0
FDA222S	1	1	0
FDA222T	1	1	0
FDA222U	1	1	0
FEB222K	1	1	0
FEB222L	1	1	0
FEB222M	1	1	0
FEB222P	1	1	0
FEB222Q	1	1	0
FHV0001	1	1	0
FHV0002	1	1	0
FHV0003	1	1	0
FI1023	1	1	1
FI1024	1	1	1
FI1026	1	1	1
FI1028	1	1	1
FI1029	1	1	1
FI1030	1	1	1
FI1031	1	1	1
FI1033	1	1	1
FI1034	1	1	1
FI1035	1	1	1
FI1036	1	1	1
FI1037	1	1	1
FI1038	1	1	1
FI1039	1	1	1
FI1040	1	1	1
FI2003	1	1	1
FMI2222	1	1	0
FMI2223	1	1	0
FMI2224	1	1	0
FMI2229	1	1	0
FPA0001	1	1	0
FPA0002	1	1	0
FPA0003	1	1	0
FPA0004	1	1	0
FPA0005	1	1	0
FPA0006	1	1	0
FPA0007	1	1	0
FPA2226	1	1	0
FPA2227	1	1	0
FPA2228	1	1	0
FPA222A	1	1	0
FPA222B	1	1	0
FPA222C	1	1	0
FPA222D	1	1	0
FPA222E	1	1	0
FPA222F	1	1	0
FPA222G	1	1	0
FPA222J	1	1	0
FPA222N	1	1	0
FR3022	1	1	1
FVV222H	1	1	0
FY1018	1	1	1
FÖ1041	1	1	0
FÖ1042	1	1	0
FÖ2024	1	1	0
FÖ2026	1	1	0
FÖ2032	1	1	0
FÖ3032	1	1	0
FÖ3034	1	1	0
FÖ3035	1	1	0
FÖ3036	1	1	0
FÖ3040	1	1	0
FÖ3042	1	1	0
FÖ3043	1	1	0
GAB24E	1	1	1
GAB24F	1	1	1
GAB26D	1	1	1
GAB2AJ	1	1	1
GAB2CC	1	1	1
GAB2P6	1	1	1
GAB2S5	1	1	1
GAB2TR	1	1	1
GAB358	1	1	1
GAB3AK	1	1	1
GAB3AL	1	1	1
GAB3FZ	1	1	1
GAB3G2	1	1	1
GAB3G3	1	1	1
GAB3H4	1	1	1
GAB3H5	1	1	1
GAB3H6	1	1	1
GAB3H7	1	1	1
GAB3HQ	1	1	1
GAB3HR	1	1	1
GAB3HS	1	1	1
GAB3HV	1	1	1
GAR2HR	1	1	1
GAR2HS	1	1	1
GAR2SQ	1	1	1
GAR2VU	1	1	1
GAR34X	1	1	1
GAR38K	1	1	1
GAR38L	1	1	1
GAR38M	1	1	1
GAR38N	1	1	1
GAR39K	1	1	1
GAR39L	1	1	1
GAR39M	1	1	1
GBP32U	1	1	1
GBP32V	1	1	1
GBP32W	1	1	1
GBP34H	1	1	1
GBP365	1	1	1
GBP3BB	1	1	1
GBP3BC	1	1	1
GBQ22U	1	1	1
GBQ24C	1	1	1
GBQ27K	1	1	1
GBQ29D	1	1	1
GBQ29E	1	1	1
GBQ2AY	1	1	1
GBQ2AZ	1	1	1
GBQ2EB	1	1	1
GBQ2EC	1	1	1
GBQ2HC	1	1	1
GBQ2HD	1	1	1
GBQ2MT	1	1	1
GBQ2NH	1	1	1
GBQ2NJ	1	1	1
GBQ2NM	1	1	1
GBQ2NP	1	1	1
GBQ2QB	1	1	1
GBQ2U2	1	1	1
GBQ2U3	1	1	1
GBQ2U4	1	1	1
GBQ2U5	1	1	1
GBQ2U6	1	1	1
GBQ2U7	1	1	1
GBQ2U8	1	1	1
GBQ2U9	1	1	1
GBQ2UB	1	1	1
GBQ2UD	1	1	1
GBQ2UN	1	1	1
GBQ2WG	1	1	1
GBQ2WH	1	1	1
GBQ2WJ	1	1	1
GBQ2WK	1	1	1
GBQ2XC	1	1	1
GBQ2XD	1	1	1
GBQ35K	1	1	1
GBQ36D	1	1	1
GBQ36E	1	1	1
GBQ36K	1	1	1
GBQ38V	1	1	1
GBQ38W	1	1	1
GBQ38X	1	1	1
GBQ3A5	1	1	1
GBQ3A6	1	1	1
GBQ3A7	1	1	1
GBQ3A8	1	1	1
GBQ3A9	1	1	1
GBQ3AA	1	1	1
GBQ3AV	1	1	1
GBQ3AW	1	1	1
GBQ3FG	1	1	1
GBY2GB	1	1	1
GBY2GC	1	1	1
GBY2GR	1	1	1
GBY2J2	1	1	1
GBY2MA	1	1	1
GBY2MB	1	1	1
GBY2ME	1	1	1
GBY2NF	1	1	1
GBY2NG	1	1	1
GBY2RN	1	1	1
GBY2RX	1	1	1
GBY2V5	1	1	1
GBY2V6	1	1	1
GBY2V8	1	1	1
GBY2VR	1	1	1
GBY2XF	1	1	1
GBY33L	1	1	1
GBY342	1	1	1
GBY34B	1	1	1
GBY34M	1	1	1
GBY34N	1	1	1
GBY36S	1	1	1
GBY37D	1	1	1
GBY38D	1	1	1
GBY38E	1	1	1
GBY3AX	1	1	1
GBY3DW	1	1	1
GBY3DX	1	1	1
GDT2JM	1	1	1
GDT2JN	1	1	1
GDT34Z	1	1	1
GDT3CR	1	1	1
GEG26J	1	1	1
GEG2JP	1	1	1
GEG2UE	1	1	1
GEG2UL	1	1	1
GEG2ZQ	1	1	1
GEG2ZR	1	1	1
GEG33A	1	1	1
GEG33B	1	1	1
GEG38F	1	1	1
GEG39Y	1	1	1
GEG39Z	1	1	1
GEG3A2	1	1	1
GEG3BX	1	1	1
GEG3DT	1	1	1
GEG3DU	1	1	1
GEG3DV	1	1	1
GEG3FM	1	1	1
GEG3FY	1	1	1
GEN222	1	1	1
GEN28Q	1	1	1
GEN2BJ	1	1	1
GEN2BK	1	1	1
GEN2HB	1	1	1
GEN2JG	1	1	1
GEN2LD	1	1	1
GEN2QW	1	1	1
GEN2RZ	1	1	1
GEN2S2	1	1	1
GEN2VE	1	1	1
GEN2VF	1	1	1
GEN33R	1	1	1
GEN35D	1	1	1
GEN35G	1	1	1
GEN379	1	1	1
GEN37A	1	1	1
GEN3BQ	1	1	1
GEN3BR	1	1	1
GEN3C5	1	1	1
GEN3CM	1	1	1
GEN3DG	1	1	1
GEN3DH	1	1	1
GEN3DJ	1	1	1
GEN3DK	1	1	1
GEN3E6	1	1	1
GEN3E7	1	1	1
GEN3K3	0	0	1
GET36T	1	1	1
GEU2CA	1	1	1
GEU2CB	1	1	1
GEU2KV	1	1	1
GEU2KW	1	1	1
GEU2KX	1	1	1
GEU2QY	1	1	1
GEU35L	1	1	1
GEU35M	1	1	1
GEU35N	1	1	1
GEU38C	1	1	1
GEU3DB	1	1	1
GFI282	1	1	1
GFI293	1	1	1
GFI37Z	1	1	1
GFI3BT	1	1	1
GFI3BU	1	1	1
GFR27N	1	1	1
GFR27Q	1	1	1
GFR27R	1	1	1
GFR27S	1	1	1
GFR283	1	1	1
GFR2A7	1	1	1
GFR2A8	1	1	1
GFR2AB	1	1	1
GFR2HW	1	1	1
GFR2HX	1	1	1
GFR2HY	1	1	1
GFR2HZ	1	1	1
GFR2KQ	1	1	1
GFR2KR	1	1	1
GFR2R3	1	1	1
GFR2R4	1	1	1
GFR2W9	1	1	1
GFR2WA	1	1	1
GFR2YU	1	1	1
GFR35E	1	1	1
GFR35F	1	1	1
GFR3BS	1	1	1
GFR3CV	1	1	1
GFR3CW	1	1	1
GFR3CX	1	1	1
GFR3CY	1	1	1
GFR3CZ	1	1	1
GFR3D2	1	1	1
GFR3D3	1	1	1
GFR3DL	1	1	1
GFR3GS	1	1	1
GFR3GT	1	1	1
GFR3HK	1	1	1
GFR3HL	1	1	1
GFR3HM	1	1	1
GFR3HN	1	1	1
GFY345	1	1	1
GFÖ225	1	1	0
GFÖ2B7	1	1	0
GFÖ2B9	1	1	0
GFÖ2F4	1	1	0
GFÖ2FF	1	1	0
GFÖ2JU	1	1	0
GFÖ2PJ	1	1	0
GFÖ2RL	1	1	0
GFÖ2UF	1	1	0
GFÖ2WE	1	1	0
GFÖ2WN	1	1	0
GFÖ2WQ	1	1	0
GFÖ2XB	1	1	0
GFÖ2XW	1	1	0
GFÖ32F	1	1	0
GFÖ32P	1	1	0
GFÖ35C	1	1	0
GFÖ35J	1	1	0
GFÖ36L	1	1	0
GFÖ38U	1	1	0
GFÖ398	1	1	0
GFÖ39A	1	1	0
GFÖ39J	1	1	0
GFÖ3FH	1	1	0
GFÖ3FJ	1	1	0
GFÖ3GL	1	1	0
GFÖ3JM	1	1	0
GFÖ3JN	1	1	0
GHI29Y	1	1	1
GHI2CK	1	1	1
GHI2CN	1	1	1
GHI2CP	1	1	1
GHI2CQ	1	1	1
GHI2CR	1	1	1
GHI2FU	1	1	1
GHI2Q6	1	1	1
GHI32G	1	1	1
GHI33T	1	1	1
GHI33V	1	1	1
GHI33W	1	1	1
GHI35A	1	1	1
GHI362	1	1	1
GHI374	1	1	1
GHI378	1	1	1
GHI37M	1	1	1
GHI38Q	1	1	1
GHI3CP	1	1	1
GHI3JX	0	0	1
GIE26L	1	1	1
GIE26M	1	1	1
GIE26N	1	1	1
GIE26P	1	1	1
GIE29N	1	1	1
GIE2L7	1	1	1
GIE2MF	1	1	1
GIE2QS	1	1	1
GIE2RF	1	1	1
GIE36Y	1	1	1
GIE36Z	1	1	1
GIE372	1	1	1
GIE3FW	1	1	1
GIE3H2	1	1	1
GIE3HX	1	1	1
GIE3HY	1	1	1
GIE3JG	1	1	1
GIE3JH	1	1	1
GIE3JS	0	0	1
GIE3JW	0	0	1
GIH24A	1	1	1
GIH2A6	1	1	1
GIH2D4	1	1	1
GIH2D5	1	1	1
GIH2D6	1	1	1
GIH2D7	1	1	1
GIH2D8	1	1	1
GIH2D9	1	1	1
GIH2DB	1	1	1
GIH2DC	1	1	1
GIH2DD	1	1	1
GIH2DE	1	1	1
GIH2G4	1	1	1
GIH2LP	1	1	1
GIH2LT	1	1	1
GIH2LU	1	1	1
GIH2LV	1	1	1
GIH2LW	1	1	1
GIH2LX	1	1	1
GIH2LY	1	1	1
GIH2M4	1	1	1
GIH2M5	1	1	1
GIH2M6	1	1	1
GIH2NR	1	1	1
GIH2QK	1	1	1
GIH2QL	1	1	1
GIH2UR	1	1	1
GIH2UY	1	1	1
GIH2VJ	1	1	1
GIH2VK	1	1	1
GIH2WT	1	1	1
GIH2WU	1	1	1
GIH2WX	1	1	1
GIH2WY	1	1	1
GIH2X3	1	1	1
GIH2XY	1	1	1
GIH2ZA	1	1	1
GIH2ZB	1	1	1
GIH2ZC	1	1	1
GIH2ZD	1	1	1
GIH2ZE	1	1	1
GIH32Z	1	1	1
GIH334	1	1	1
GIH335	1	1	1
GIH33J	1	1	1
GIH33K	1	1	1
GIH33P	1	1	1
GIH34D	1	1	1
GIH34S	1	1	1
GIH34T	1	1	1
GIH34U	1	1	1
GIH34V	1	1	1
GIH35B	1	1	1
GIH35P	1	1	1
GIH35T	1	1	1
GIH35U	1	1	1
GIH35V	1	1	1
GIH35W	1	1	1
GIH35Z	1	1	1
GIH37B	1	1	1
GIH37C	1	1	1
GIH37N	1	1	1
GIH37P	1	1	1
GIH37Q	1	1	1
GIH37R	1	1	1
GIH37S	1	1	1
GIH38Y	1	1	1
GIH38Z	1	1	1
GIH392	1	1	1
GIH393	1	1	1
GIH394	1	1	1
GIH395	1	1	1
GIH39B	1	1	1
GIH39C	1	1	1
GIH39D	1	1	1
GIH39E	1	1	1
GIH39F	1	1	1
GIH39G	1	1	1
GIH39H	1	1	1
GIH3AM	1	1	1
GIH3AN	1	1	1
GIH3AP	1	1	1
GIH3AQ	1	1	1
GIH3C2	1	1	1
GIH3CS	1	1	1
GIH3D4	1	1	1
GIH3D5	1	1	1
GIH3D6	1	1	1
GIH3F4	1	1	1
GIH3F5	1	1	1
GIH3F7	1	1	1
GIH3F8	1	1	1
GIH3F9	1	1	1
GIH3FA	1	1	1
GIH3FD	1	1	1
GIH3FF	1	1	1
GIH3G4	1	1	1
GIH3G5	1	1	1
GIH3G6	1	1	1
GIH3G7	1	1	1
GIH3G8	1	1	1
GIH3G9	1	1	1
GIH3GA	1	1	1
GIH3GB	1	1	1
GIH3GC	1	1	1
GIH3GD	1	1	1
GIH3GE	1	1	1
GIH3GF	1	1	1
GIH3GG	1	1	1
GIH3GH	1	1	1
GIH3GJ	1	1	1
GIH3GK	1	1	1
GIH3JL	1	1	1
GIK23M	1	1	1
GIK289	1	1	1
GIK28T	1	1	1
GIK299	1	1	1
GIK29B	1	1	1
GIK2AL	1	1	1
GIK2BD	1	1	1
GIK2FB	1	1	1
GIK2JX	1	1	1
GIK2KM	1	1	1
GIK2LF	1	1	1
GIK2NV	1	1	1
GIK2NX	1	1	1
GIK2PB	1	1	1
GIK2PD	1	1	1
GIK2PF	1	1	1
GIK2PG	1	1	1
GIK2Q3	1	1	1
GIK2QZ	1	1	1
GIK2UK	1	1	1
GIK2V4	1	1	1
GIK2XJ	1	1	1
GIK2XK	1	1	1
GIK2XZ	1	1	1
GIK2YK	1	1	1
GIK2YL	1	1	1
GIK2YN	1	1	1
GIK2YP	1	1	1
GIK2YR	1	1	1
GIK32J	1	1	1
GIK32K	1	1	1
GIK32L	1	1	1
GIK32M	1	1	1
GIK32N	1	1	1
GIK339	1	1	1
GIK346	1	1	1
GIK347	1	1	1
GIK348	1	1	1
GIK34Y	1	1	1
GIK36Q	1	1	1
GIK36R	1	1	1
GIK373	1	1	1
GIK375	1	1	1
GIK376	1	1	1
GIK377	1	1	1
GIK38G	1	1	1
GIK38H	1	1	1
GIK38J	1	1	1
GIK3BV	1	1	1
GIK3BY	1	1	1
GIT247	1	1	1
GIT26V	1	1	1
GIT26W	1	1	1
GIT2A3	1	1	1
GIT2AE	1	1	1
GIT2GV	1	1	1
GIT2GW	1	1	1
GIT2T6	1	1	1
GIT2TD	1	1	1
GIT2TE	1	1	1
GIT2TF	1	1	1
GIT2TG	1	1	1
GIT2TH	1	1	1
GIT2TJ	1	1	1
GIT2TK	1	1	1
GIT2TL	1	1	1
GIT2TM	1	1	1
GIT2TN	1	1	1
GIT2TP	1	1	1
GIT2TQ	1	1	1
GIT2Y8	1	1	1
GIT2Y9	1	1	1
GIT2YA	1	1	1
GIT2YB	1	1	1
GIT2YC	1	1	1
GIT2YD	1	1	1
GIT2YE	1	1	1
GIT397	1	1	1
GJP23L	1	1	1
GJP23S	1	1	1
GJP242	1	1	1
GJP243	1	1	1
GJP2MZ	1	1	1
GJP2N2	1	1	1
GJP37U	1	1	1
GJP37V	1	1	1
GJP37W	1	1	1
GJP39V	1	1	1
GJP39W	1	1	1
GJP39X	1	1	1
GJP3AY	1	1	1
GJP3AZ	1	1	1
GJP3B2	1	1	1
GJP3B3	1	1	1
GKG2CS	1	1	1
GKG3A3	1	1	1
GKG3AT	1	1	1
GKI27G	1	1	1
GKI27H	1	1	1
GKI27M	1	1	1
GKI2HT	1	1	1
GKI2MY	1	1	1
GKI2PX	1	1	1
GKI2PY	1	1	1
GKI2PZ	1	1	1
GKI2Q2	1	1	1
GKI2Q9	1	1	1
GKI2QA	1	1	1
GKI2VL	1	1	1
GKI2VM	1	1	1
GKI2W3	1	1	1
GKI3C8	1	1	1
GKI3C9	1	1	1
GKI3CA	1	1	1
GKI3CB	1	1	1
GKI3CC	1	1	1
GKI3CD	1	1	1
GKI3CE	1	1	1
GKI3GQ	1	1	1
GLP234	1	1	1
GLP235	1	1	1
GLP236	1	1	1
GLP239	1	1	1
GLP23A	1	1	1
GLP23B	1	1	1
GLP29R	1	1	1
GLP29S	1	1	1
GLP29T	1	1	1
GLP29U	1	1	1
GLP29V	1	1	1
GLP29W	1	1	1
GLP29X	1	1	1
GLP2BQ	1	1	1
GLP2CX	1	1	1
GLP2FH	1	1	1
GLP2FP	1	1	1
GLP2FZ	1	1	1
GLP2JZ	1	1	1
GLP2KH	1	1	1
GLP2MS	1	1	1
GLP2MU	1	1	1
GLP2NK	1	1	1
GLP2NL	1	1	1
GLP2NN	1	1	1
GLP2QC	1	1	1
GLP2QD	1	1	1
GLP2QU	1	1	1
GLP2QX	1	1	1
GLP2RK	1	1	1
GLP2UG	1	1	1
GLP2VS	1	1	1
GLP2VT	1	1	1
GLP2WB	1	1	1
GLP2WC	1	1	1
GLP2WP	1	1	1
GLP32S	1	1	1
GLP33C	1	1	1
GLP359	1	1	1
GLP3AH	1	1	1
GLP3AR	1	1	1
GMA28W	1	1	1
GMA2EY	1	1	1
GMA2ZS	1	1	1
GMA2ZT	1	1	1
GMA33Z	1	1	1
GMC22H	1	1	1
GMC2AH	1	1	1
GMC2M2	1	1	1
GMC32X	1	1	1
GMC37E	1	1	1
GMC37F	1	1	1
GMC37T	1	1	1
GMD2AR	1	1	1
GMD2BH	1	1	1
GMD2EP	0	1	0
GMD2EX	1	1	1
GMD2F9	0	1	0
GMD2FA	0	1	0
GMD2GE	0	1	0
GMD2GF	1	1	1
GMD2GG	1	1	1
GMD2GU	1	1	1
GMD2H2	1	1	1
GMD2H3	1	1	1
GMD2H4	1	1	1
GMD2H5	1	1	1
GMD2HE	1	1	1
GMD2HF	1	1	1
GMD2HG	1	1	1
GMD2HH	1	1	1
GMD2HJ	1	1	1
GMD2HK	1	1	1
GMD2MG	0	1	0
GMD2MH	1	1	1
GMD2MJ	1	1	1
GMD2PA	1	1	1
GMD2SB	0	1	0
GMD2TV	1	1	1
GMD2XQ	1	1	1
GMD33X	1	1	1
GMD33Y	1	1	1
GMD3FX	1	1	1
GMD3GZ	1	1	1
GMD3K4	0	0	1
GMI23G	1	1	1
GMI24H	1	1	1
GMI26H	1	1	1
GMI2C8	1	1	1
GMI2J3	1	1	1
GMI2MD	1	1	1
GMI2NW	1	1	1
GMI35R	1	1	1
GMI35S	1	1	1
GMN3DY	1	1	1
GMN3DZ	1	1	1
GMN3E2	1	1	1
GMN3E3	1	1	1
GMN3E4	1	1	1
GMN3E9	1	1	1
GMN3EA	1	1	1
GMN3EB	1	1	1
GMN3EC	1	1	1
GMN3ED	1	1	1
GMN3EE	1	1	1
GMN3EF	1	1	1
GMN3EG	1	1	1
GMN3EH	1	1	1
GMN3EJ	1	1	1
GMN3EK	1	1	1
GMN3EL	1	1	1
GMN3EM	1	1	1
GMN3EN	1	1	1
GMN3EP	1	1	1
GMN3EQ	1	1	1
GMN3ER	1	1	1
GMN3ES	1	1	1
GMN3ET	1	1	1
GMN3EW	1	1	1
GMN3EX	1	1	1
GMN3EY	1	1	1
GMN3EZ	1	1	1
GMN3F2	1	1	1
GMN3F3	1	1	1
GMN3GY	1	1	1
GMN3JF	1	1	1
GMT228	1	1	1
GMT25Z	1	1	1
GMT2QF	1	1	1
GMT2WL	1	1	1
GMT338	1	1	1
GMT343	1	1	1
GMT344	1	1	1
GMT349	1	1	1
GMT34A	1	1	1
GMT34K	1	1	1
GMT34L	1	1	1
GMT34P	1	1	1
GMT34Q	1	1	1
GMT34R	1	1	1
GMT34W	1	1	1
GMT3BW	1	1	1
GMT3HZ	1	1	1
GMT3J2	1	1	1
GMT3J3	1	1	1
GMT3J4	1	1	1
GMT3JQ	0	0	1
GMT3JR	0	0	1
GMT3JT	0	0	1
GMT3JU	0	0	1
GMT3JV	0	0	1
GMT3JY	0	0	1
GMT3JZ	0	0	1
GNA2NT	1	1	1
GNA2RY	1	1	1
GNA3B7	1	1	1
GNA3B8	1	1	1
GNA3B9	1	1	1
GNA3BA	1	1	1
GNA3D9	1	1	1
GNA3DA	1	1	1
GNA3FN	1	1	1
GNV2KY	1	1	1
GNV367	1	1	1
GNV396	1	1	1
GNV3GU	1	1	1
GNV3GV	1	1	1
GPA2FL	1	1	1
GPA2FW	1	1	1
GPA2K3	1	1	1
GPA2KU	1	1	1
GPA2LM	1	1	1
GPA2LN	1	1	1
GPA2NY	1	1	1
GPA2P7	1	1	1
GPA2R6	1	1	1
GPA32D	1	1	1
GPA32E	1	1	1
GPA353	1	1	1
GPA354	1	1	1
GPA357	1	1	1
GPE2SA	1	1	1
GPE3AJ	1	1	1
GPG22J	1	1	1
GPG22K	1	1	1
GPG27X	1	1	1
GPG2E6	1	1	1
GPG2E7	1	1	1
GPG2LZ	1	1	1
GPG2M9	1	1	1
GPG2N7	1	1	1
GPG2QP	1	1	1
GPG2RH	1	1	1
GPG2RR	1	1	1
GPG2RS	1	1	1
GPG2S7	1	1	1
GPG2S8	1	1	1
GPG2S9	1	1	1
GPG2SC	1	1	1
GPG2SG	1	1	1
GPG2SH	1	1	1
GPG2TT	1	1	1
GPG2VW	1	1	1
GPG2VX	1	1	1
GPG2WR	1	1	1
GPG2YG	1	1	1
GPG2YH	1	1	1
GPG2Z3	1	1	1
GPG2Z4	1	1	1
GPG2Z6	1	1	1
GPG2Z7	1	1	1
GPG326	1	1	1
GPG327	1	1	1
GPG328	1	1	1
GPG329	1	1	1
GPG32A	1	1	1
GPG33D	1	1	1
GPG33E	1	1	1
GPG33F	1	1	1
GPG36A	1	1	1
GPG36B	1	1	1
GPG3AB	1	1	1
GPG3AC	1	1	1
GPG3AD	1	1	1
GPG3AE	1	1	1
GPG3AF	1	1	1
GPG3AG	1	1	1
GPG3BD	1	1	1
GPG3BE	1	1	1
GPG3CF	1	1	1
GPG3CG	1	1	1
GPG3CH	1	1	1
GPG3CJ	1	1	1
GPG3CK	1	1	1
GPG3CL	1	1	1
GPG3CN	1	1	1
GPG3EU	1	1	1
GPG3EV	1	1	1
GPG3FR	1	1	1
GPG3FS	1	1	1
GPG3FT	1	1	1
GPG3FU	1	1	1
GPG3FV	1	1	1
GPG3JC	1	1	1
GPG3JD	1	1	1
GPG3JP	0	0	1
GPR256	1	1	1
GPR279	1	1	1
GPR2VP	1	1	1
GPR2W2	1	1	1
GPR2X8	1	1	1
GPR2X9	1	1	1
GPR2XA	1	1	1
GPR2XR	1	1	1
GPR2XS	1	1	1
GPR2Z2	1	1	1
GPR3E5	1	1	1
GPR3GM	1	1	1
GPR3GN	1	1	1
GPR3GP	1	1	1
GPR3GR	1	1	1
GRK2EF	1	1	1
GRK2JJ	1	1	1
GRK2JK	1	1	1
GRK2KL	1	1	1
GRK2P3	1	1	1
GRK2P4	1	1	1
GRK2Q4	1	1	1
GRK2Q5	1	1	1
GRK2R7	1	1	1
GRK2R8	1	1	1
GRK2TW	1	1	1
GRK2TY	1	1	1
GRK2TZ	1	1	1
GRK323	1	1	1
GRK324	1	1	1
GRK32C	1	1	1
GRK366	1	1	1
GRK36J	1	1	1
GRK36M	1	1	1
GRK36N	1	1	1
GRK3B4	1	1	1
GRK3CQ	1	1	1
GRV22R	1	1	1
GRV266	1	1	1
GRV2CE	1	1	1
GRV2FC	1	1	1
GRV2MK	1	1	1
GRV3BF	1	1	1
GRY284	1	1	1
GRY285	1	1	1
GRY286	1	1	1
GRY287	1	1	1
GRY28H	1	1	1
GRY28J	1	1	1
GRY28K	1	1	1
GRY28L	1	1	1
GRY28P	1	1	1
GRY28U	1	1	1
GRY2B3	1	1	1
GRY2B4	1	1	1
GRY2BR	1	1	1
GRY2BS	1	1	1
GRY2HL	1	1	1
GRY2LE	1	1	1
GRY2YW	1	1	1
GRY325	1	1	1
GRY36F	1	1	1
GRY36G	1	1	1
GRY36H	1	1	1
GRY37X	1	1	1
GRY38R	1	1	1
GRY38S	1	1	1
GRY38T	1	1	1
GSA24U	1	1	1
GSA24V	1	1	1
GSA27Y	1	1	1
GSA2AF	1	1	1
GSA2BV	1	1	1
GSA2DW	1	1	1
GSA2E3	1	1	1
GSA2E4	1	1	1
GSA2E5	1	1	1
GSA2GZ	1	1	1
GSA2NA	1	1	1
GSA2NC	1	1	1
GSA2RE	1	1	1
GSA2SD	1	1	1
GSA2SE	1	1	1
GSA2XN	1	1	1
GSA32Y	1	1	1
GSA352	1	1	1
GSA3AS	1	1	1
GSA3DM	1	1	1
GSA3DN	1	1	1
GSA3DP	1	1	1
GSA3DQ	1	1	1
GSA3DR	1	1	1
GSA3DS	1	1	1
GSA3FK	1	1	1
GSA3FL	1	1	1
GSA3HA	1	1	1
GSK2C9	1	1	1
GSK2K2	1	1	1
GSK2PM	1	1	1
GSK2PN	1	1	1
GSK2PP	1	1	1
GSK2PQ	1	1	1
GSK2PR	1	1	1
GSK2PS	1	1	1
GSK2PT	1	1	1
GSK2PU	1	1	1
GSK2PV	1	1	1
GSK2PW	1	1	1
GSK2QE	1	1	1
GSK2UH	1	1	1
GSK2UJ	1	1	1
GSK38P	1	1	1
GSO2PL	1	1	1
GSO2UA	1	1	1
GSO2UC	1	1	1
GSO2XU	1	1	1
GSO2XV	1	1	1
GSO33U	1	1	1
GSO36X	1	1	1
GSO3D8	1	1	1
GSP28C	1	1	1
GSP2FQ	1	1	1
GSP2FR	1	1	1
GSP2JH	1	1	1
GSP2KS	1	1	1
GSP2SK	1	1	1
GSP2SL	1	1	1
GSP2SR	1	1	1
GSP2W6	1	1	1
GSP2W7	1	1	1
GSP2W8	1	1	1
GSP2YT	1	1	1
GSP39N	1	1	1
GSP3GW	1	1	1
GSQ23J	1	1	1
GSQ23K	1	1	1
GSQ25F	1	1	1
GSQ25J	1	1	1
GSQ25K	1	1	1
GSQ25N	1	1	1
GSQ2DH	1	1	1
GSQ2H7	1	1	1
GSQ2J4	1	1	1
GSQ2L8	1	1	1
GSQ2L9	1	1	1
GSQ2LA	1	1	1
GSQ2MC	1	1	1
GSQ2PH	1	1	1
GSQ2R5	1	1	1
GSQ2VY	1	1	1
GSQ2WM	1	1	1
GSQ2Y2	1	1	1
GSQ33M	1	1	1
GSQ33N	1	1	1
GSR2A5	1	1	1
GSR2KZ	1	1	1
GSR2ZH	1	1	1
GSR38B	1	1	1
GSR3BZ	1	1	1
GSS22M	1	1	1
GSS22P	1	1	1
GSS2BY	1	1	1
GSS2BZ	1	1	1
GSS2C4	1	1	1
GSS2C5	1	1	1
GSS2C6	1	1	1
GSS2FJ	1	1	1
GSS2FK	1	1	1
GSS2G8	1	1	1
GSS2GP	1	1	1
GSS2J5	1	1	1
GSS2JA	1	1	1
GSS2L2	1	1	1
GSS2MN	1	1	1
GSS2QV	1	1	1
GSS2XE	1	1	1
GSS35H	1	1	1
GSS36C	1	1	1
GSS39P	1	1	1
GSS39Q	1	1	1
GSS39R	1	1	1
GSS39S	1	1	1
GSS39T	1	1	1
GSS39U	1	1	1
GSS3BG	1	1	1
GSS3BH	1	1	1
GSS3BJ	1	1	1
GSS3BK	1	1	1
GSS3BL	1	1	1
GSS3BM	1	1	1
GSS3BN	1	1	1
GSS3BP	1	1	1
GSS3C6	1	1	1
GSS3C7	1	1	1
GSS3H8	1	1	1
GSS3H9	1	1	1
GSS3HB	1	1	1
GSS3HC	1	1	1
GSS3HD	1	1	1
GSS3HE	1	1	1
GSS3HF	1	1	1
GSS3HG	1	1	1
GSS3HH	1	1	1
GSS3HJ	1	1	1
GSS3K2	0	0	1
GST2CL	1	1	1
GSV2BN	1	1	1
GSV2BP	1	1	1
GSV2P9	1	1	1
GSV2ZU	1	1	1
GSV2ZV	1	1	1
GSV2ZW	1	1	1
GSV2ZX	1	1	1
GSV3DD	1	1	1
GSV3DE	1	1	1
GSV3DF	1	1	1
GSV3FP	1	1	1
GSV3JE	1	1	1
GT1040	0	1	0
GT1041	0	1	0
GT1044	0	1	0
GT1045	0	1	0
GT2047	0	1	0
GTR22D	1	1	1
GTR265	1	1	1
GTR26E	1	1	1
GTR296	1	1	1
GTR29Q	1	1	1
GTR2CT	1	1	1
GTR2DG	1	1	1
GTR2DP	1	1	1
GTR2G6	1	1	1
GTR2HA	1	1	1
GTR2K8	1	1	1
GTR2UM	1	1	1
GTR2UP	1	1	1
GTR3A4	1	1	1
GTR3AU	1	1	1
GTR3B6	1	1	1
GTR3D7	1	1	1
GTY23C	1	1	1
GTY2N3	1	1	1
GTY2N4	1	1	1
GTY2N5	1	1	1
GTY2ST	1	1	1
GTY2SU	1	1	1
GTY2SV	1	1	1
GTY2SW	1	1	1
GTY2SY	1	1	1
GTY2SZ	1	1	1
GTY2W5	1	1	1
GTY32H	1	1	1
GTY369	1	1	1
GTY3CT	1	1	1
GTY3CU	1	1	1
GTY3J5	1	1	1
GTY3J6	1	1	1
GTY3J7	1	1	1
GTY3J8	1	1	1
GTY3J9	1	1	1
GTY3JA	1	1	1
GTY3JB	1	1	1
GVV3JJ	1	1	1
GVV3JK	1	1	1
GVÅ25T	1	1	0
GVÅ2AP	1	1	0
GVÅ2GT	1	1	0
GVÅ2H6	1	1	0
GVÅ2HM	1	1	0
GVÅ2N9	1	1	0
GVÅ2R2	1	1	0
GVÅ2RA	1	1	0
GVÅ2RT	1	1	0
GVÅ2RU	1	1	0
GVÅ2RV	1	1	0
GVÅ2S3	1	1	0
GVÅ2VZ	1	1	0
GVÅ2WS	1	1	0
GVÅ2ZG	1	1	0
GVÅ2ZY	1	1	0
GVÅ35Q	1	1	0
GVÅ36W	1	1	0
GVÅ37G	1	1	0
GVÅ37H	1	1	0
GVÅ37J	1	1	0
GVÅ37K	1	1	0
GVÅ37L	1	1	0
GVÅ37Y	1	1	0
GVÅ382	1	1	0
GVÅ383	1	1	0
GVÅ384	1	1	0
GVÅ385	1	1	0
GVÅ386	1	1	0
GVÅ387	1	1	0
GVÅ388	1	1	0
GVÅ389	1	1	0
GVÅ38A	1	1	0
HI1004	1	1	1
HI1006	1	1	1
HI1008	1	1	1
HI1009	1	1	1
HI1011	1	1	1
HI1013	1	1	1
HI1014	1	1	1
HI1015	1	1	1
HI1018	1	1	1
HI1019	1	1	1
HI2011	1	1	1
HI2012	1	1	1
HI2013	1	1	1
HI2014	1	1	1
HI2015	1	1	1
HI2016	1	1	1
HI2017	1	1	1
HI3019	1	1	1
HI3020	1	1	1
IE1006	0	1	0
IE1034	0	1	0
IE1035	0	1	0
IE1042	0	1	0
IE1068	1	1	1
IE1069	1	1	1
IE1076	1	1	1
IE2003	1	1	1
IE2005	0	1	0
IH1001	1	1	1
IH1002	1	1	1
IH1003	1	1	1
IH1004	1	1	1
IH1005	1	1	1
IH1006	1	1	1
IH1007	1	1	1
IH1008	1	1	1
IH1009	1	1	1
IH1010	1	1	1
IH1011	1	1	1
IH1012	1	1	1
IH1015	1	1	1
IH1020	1	1	1
IH1023	1	1	1
IH1024	1	1	1
IH1025	1	1	1
IH1026	1	1	1
IH1029	1	1	1
IH1037	0	1	0
IH1060	0	1	0
IH1062	1	1	1
IH1082	1	1	1
IH1084	0	1	0
IH1090	0	1	0
IH1095	1	1	1
IH1096	1	1	1
IH1097	1	1	1
IH1098	1	1	1
IH1099	1	1	1
IH1100	1	1	1
IH1101	1	1	1
IH1102	1	1	1
IH1111	1	1	1
IH1113	1	1	1
IH1114	1	1	1
IH1122	1	1	1
IH1125	0	1	0
IH1130	1	1	1
IH1133	0	1	0
IH2001	1	1	1
IH2002	1	1	1
IH2003	1	1	1
IH2004	1	1	1
IH2005	1	1	1
IH2006	1	1	1
IH3006	0	1	0
IH3007	1	1	1
IK1011	0	1	0
IK1032	1	1	1
IK1044	0	1	0
IK1064	1	1	1
IK1066	1	1	1
IT1034	1	1	1
JP1034	0	1	0
JP1035	0	1	0
JP1036	0	1	0
JP1037	0	1	0
JP1041	0	1	0
JP1043	0	1	0
JP1045	1	1	1
JP1046	1	1	1
JP1050	1	1	1
JP2004	0	1	0
JP2006	0	1	0
JP2007	0	1	0
JP2009	0	1	0
JP2013	1	1	1
KG1005	1	1	1
KG1010	1	1	1
KG1016	1	1	1
KG1020	1	1	1
KG1021	1	1	1
KG1022	1	1	1
KG1024	1	1	1
KG1025	1	1	1
KG1027	1	1	1
KG2001	1	1	1
KG2003	1	1	1
KG2005	1	1	1
KG3010	1	1	1
KG3011	1	1	1
KG3014	1	1	1
KG3015	1	1	1
KG3016	1	1	1
KG3018	1	1	1
KG3019	1	1	1
KI1030	1	1	1
KI1031	1	1	1
KI1034	1	1	1
KI1043	1	1	1
KI1045	1	1	1
KI1046	1	1	1
KI1047	1	1	1
KI1051	1	1	1
KI2001	1	1	1
KI2012	1	1	1
LP1002	0	1	0
LP1032	1	1	1
LP1052	1	1	1
LP1053	1	1	1
LP1054	1	1	1
LP1064	1	1	1
LP1065	1	1	1
LP1071	1	1	1
LP1072	1	1	1
LP1074	1	1	1
LP1075	1	1	1
LP1076	1	1	1
LP1080	1	1	1
LP2009	1	1	1
LP2010	1	1	1
LP2012	1	1	1
LP2013	1	1	1
MA0011	1	1	1
MA0013	1	1	1
MA1040	1	1	1
MA1042	1	1	1
MC1072	1	1	1
MC1077	1	1	1
MC1079	1	1	1
MC2017	1	1	1
MC2020	1	1	1
MC2022	0	1	0
MC2023	1	1	1
MC3018	0	1	0
MC3019	0	1	0
MC3027	1	1	1
MD1080	0	1	0
MD1081	0	1	0
MD1082	0	1	0
MD1083	0	1	0
MD1085	1	1	1
MD1094	0	1	0
MD1097	1	1	1
MD1098	1	1	1
MD1103	1	1	1
MD1111	0	1	0
MD2022	1	1	1
MD2023	1	1	1
MD2024	1	1	1
MD2025	1	1	1
MD2026	1	1	1
MD3005	0	1	0
MI4001	1	1	1
MI4002	1	1	1
MIKR002	1	1	0
MT1018	0	1	0
MT1020	0	1	0
MT1033	1	1	1
MT1034	0	1	0
MT1035	0	1	0
MT1036	0	1	0
MT1038	0	1	0
MT1039	0	1	0
MT1043	0	1	0
MT1046	0	1	0
MT1047	0	1	0
MT1048	0	1	0
MT1060	1	1	1
MT1061	0	1	0
MT1068	1	1	1
MT1074	1	1	1
MT2006	1	1	1
MÄ0007	0	1	0
MÄ0012	0	1	0
MÖ1003	0	1	0
MÖ4003	0	1	0
MÖ4005	1	1	0
NA1003	1	1	1
NA1024	1	1	1
NA1025	1	1	1
NA1026	1	1	1
NA1027	1	1	1
NA1028	1	1	1
NA1029	1	1	1
NA1030	1	1	1
NA1031	1	1	1
NA1032	1	1	1
NA1033	1	1	1
NA1035	1	1	1
NA1036	1	1	1
NA1039	1	1	1
NA1040	1	1	1
NA2001	1	1	1
NA2008	1	1	1
NA2009	1	1	1
NA3001	1	1	1
NA3005	1	1	1
NA3007	1	1	1
NA3008	1	1	1
NA3010	1	1	1
NA3011	1	1	1
NV1024	1	1	1
NV1027	1	1	1
NV1035	1	1	1
NV1036	1	1	1
NV3001	1	1	1
PA1001	0	1	0
PA2008	1	1	1
PA2009	1	1	1
PA2010	1	1	1
PA2011	1	1	1
PE1010	1	1	1
PE1011	1	1	1
PE1018	1	1	1
PE1020	1	1	1
PE1021	1	1	1
PE1023	1	1	1
PE1032	1	1	1
PE1039	1	1	1
PE1050	1	1	1
PE1052	1	1	1
PE1053	1	1	1
PE1054	1	1	1
PE1055	1	1	1
PE1056	1	1	1
PE1057	1	1	1
PE1058	1	1	1
PE1059	1	1	1
PE1060	1	1	1
PE1061	0	1	0
PE1062	1	1	1
PE1063	1	1	1
PE1064	1	1	1
PE1065	1	1	1
PE1066	1	1	1
PE1067	1	1	1
PE1068	1	1	1
PE1069	1	1	1
PE1070	1	1	1
PE1071	1	1	1
PE1072	1	1	1
PE1073	1	1	1
PE1074	1	1	1
PE1075	1	1	1
PE1076	1	1	1
PE1077	1	1	1
PE1078	0	1	0
PE2005	1	1	1
PE2007	1	1	1
PE2016	1	1	1
PE2017	1	1	1
PE3002	1	1	1
PE3003	1	1	1
PE3004	1	1	1
PE3012	1	1	1
PG2003	0	1	0
PG2043	1	1	1
PG2048	1	1	1
PG3023	1	1	1
PG3024	1	1	1
PG3025	1	1	1
PG3031	1	1	1
PG3041	1	1	1
PG3056	1	1	1
PG3061	1	1	1
PG3065	1	1	1
PG3069	1	1	1
PR1017	1	1	1
PR1018	1	1	1
PR1019	1	1	1
PR1021	1	1	1
PR1024	1	1	1
PR2003	1	1	1
PR2004	1	1	1
PR2005	1	1	1
PS1018	1	1	1
RK1068	1	1	1
RK2008	0	1	0
RK2034	1	1	1
RK2038	1	1	1
RK3026	0	1	0
RK3043	1	1	1
RV1001	1	1	1
RV1002	1	1	1
RV1003	1	1	1
RV1004	1	1	1
RV1009	1	1	1
RV1015	1	1	1
RV1026	1	1	1
RV1034	1	1	1
RV1037	1	1	1
RV1038	1	1	1
RV1039	1	1	1
RV1043	1	1	1
RV1044	1	1	1
RV1045	1	1	1
RV1046	1	1	1
RV1047	1	1	1
RV1048	1	1	1
RV1049	1	1	1
RV1050	1	1	1
RV1051	1	1	1
RV1052	1	1	1
RV1053	1	1	1
RV1054	1	1	1
RV1055	1	1	1
RV1056	1	1	1
RV1057	1	1	1
RV1058	1	1	1
SA1014	0	1	0
SA1032	1	1	1
SA1037	1	1	1
SA1040	1	1	1
SA1045	1	1	1
SA1046	1	1	1
SA1048	1	1	1
SA2009	0	1	0
SA2020	1	1	1
SA3008	1	1	1
SK1018	1	1	1
SK1050	1	1	1
SK1054	1	1	1
SK1055	1	1	1
SK1058	1	1	1
SK1060	1	1	1
SK1062	1	1	1
SK1064	1	1	1
SK1065	1	1	1
SK2009	1	1	1
SK2011	1	1	1
SK2013	1	1	1
SK2015	1	1	1
SK2016	1	1	1
SO1006	1	1	1
SO1019	1	1	1
SO1027	1	1	1
SO1030	1	1	1
SO1033	1	1	1
SO1034	1	1	1
SO1037	1	1	1
SO1044	1	1	1
SO1047	1	1	1
SO3003	0	1	0
SO3004	0	1	0
SO3005	0	1	0
SO3006	0	1	0
SO3007	0	1	0
SO3008	0	1	0
SO3009	0	1	0
SO3010	0	1	0
SO3012	0	1	0
SO3013	0	1	0
SP1050	1	1	1
SP1051	1	1	1
SP1052	1	1	1
SP1053	1	1	1
SP2021	1	1	1
SP2022	1	1	1
SP2023	1	1	1
SP2024	1	1	1
SQ1003	1	1	1
SR3001	1	1	1
SR3002	1	1	1
SR3003	1	1	1
SR3004	1	1	1
SR3005	1	1	1
SR3006	1	1	1
SR3007	1	1	1
SR3008	1	1	1
SR3009	1	1	1
SR3010	1	1	1
SR3011	1	1	1
SR3012	1	1	1
SR3013	1	1	1
SR3014	1	1	1
SR3015	1	1	1
SS1012	0	1	0
SS1013	0	1	0
SS1014	0	1	0
SS1015	0	1	0
SS1016	0	1	0
SS1018	0	1	0
SS1020	0	1	0
SS1021	0	1	0
SS1022	0	1	0
SS1023	0	1	0
SS1024	0	1	0
SS1025	0	1	0
SS1026	0	1	0
SS1027	0	1	0
SS1028	0	1	0
SS1029	0	1	0
SS1030	0	1	0
SS1031	0	1	0
SS1032	0	1	0
SS1033	0	1	0
SS1034	0	1	0
SS1035	0	1	0
SS1036	0	1	0
SS1037	0	1	0
SS1038	0	1	0
SS1039	0	1	0
SS1040	0	1	0
SS1041	0	1	0
SS1042	0	1	0
SS1043	0	1	0
SS1045	0	1	0
SS1046	0	1	0
SS1048	0	1	0
SS1049	0	1	0
SS1051	0	1	0
SS1052	0	1	0
SS1064	0	1	0
SS1065	0	1	0
SS1066	0	1	0
SS1067	0	1	0
SS1068	0	1	0
SS1070	0	1	0
SS1071	0	1	0
SS1072	0	1	0
SS1073	0	1	0
SS1074	0	1	0
SS1075	0	1	0
SS1076	0	1	0
SS1077	0	1	0
SS1079	0	1	0
SS1080	0	1	0
SS1081	0	1	0
SS1082	0	1	0
SS1083	0	1	0
SS1085	1	1	1
SS1086	0	1	0
SS1087	0	1	0
SS2003	0	1	0
SS2005	0	1	0
SS2006	0	1	0
SS2007	1	1	1
SS2009	1	1	1
SS2010	0	1	0
SS2011	0	1	0
SS3002	1	1	1
SS3003	1	1	1
SS3004	1	1	1
SS3006	1	1	1
SS3007	1	1	1
SS3008	1	1	1
SS3009	1	1	1
SS3010	1	1	1
SS3011	1	1	1
SS3014	1	1	1
ST1001	0	1	0
ST1003	0	1	0
ST1004	0	1	0
ST1005	0	1	0
ST1006	0	1	0
ST1007	0	1	0
ST1008	0	1	0
ST1009	0	1	0
ST1011	0	1	0
ST1013	1	1	1
ST2001	0	1	0
ST2003	0	1	0
ST3001	0	1	0
ST3002	0	1	0
ST3008	0	1	0
TR1007	1	1	1
TR1011	1	1	1
TR1013	1	1	1
TR1016	1	1	1
TR1018	1	1	1
TR1019	1	1	1
TR1024	1	1	1
TR1025	1	1	1
TR1027	1	1	1
TR1028	1	1	1
TR1029	1	1	1
TR1030	1	1	1
TR1031	1	1	1
TR1033	1	1	1
TR1034	1	1	1
TR1035	1	1	1
TR1036	1	1	1
TR2004	1	1	1
TR2005	1	1	1
TR3006	1	1	1
TR3008	1	1	1
TR3009	1	1	1
TR3010	1	1	1
TY1005	0	1	0
TY1038	1	1	1
TY1049	1	1	1
TY1050	1	1	1
TY1066	1	1	1
TY1067	1	1	1
TY1068	1	1	1
TY1069	1	1	1
TY1070	1	1	1
TY1071	1	1	1
TY1073	1	1	1
TY2004	1	1	1
TY2007	1	1	1
TY2008	1	1	1
TY3010	1	1	1
TY3012	1	1	1
TY3013	1	1	1
TY3015	1	1	1
TY3016	1	1	1
VU1001	0	1	0
VU1005	0	1	0
VU1006	0	1	0
VU1008	0	1	0
VU1011	0	1	0
VU2003	0	1	0
VU2004	0	1	0
VV2001	1	1	1
VV2002	1	1	1
VV3003	1	1	1
VV3004	1	1	1
VV3006	1	1	1
VV3007	1	1	1
VV3009	1	1	1
VV3010	1	1	1
VV3011	1	1	1
VV3012	1	1	1
VV3014	1	1	1
VV3015	1	1	1
VV3017	1	1	1
VÅ1026	0	1	0
VÅ1046	1	1	0
VÅ1053	1	1	0
VÅ1055	1	1	0
VÅ1061	0	1	0
VÅ1062	1	1	0
VÅ2007	0	1	0
VÅ2017	1	1	0
VÅ3004	0	1	0
VÅ3023	1	1	0
VÅ3027	1	1	0
VÅ3094	1	1	0
VÅ3098	1	1	0
VÅ3127	1	1	0
VÅ3131	1	1	0
VÅ3132	1	1	0
VÅ3133	1	1	0
VÅ3137	1	1	0
VÅC069	0	1	0
